"an","fijdsoi","ifujsaoi","iofujoia","31216255"
"dsjfhk","klfjslk","klfjslk","lkfjslk","33474251"
"taylor","55th Street","54546545556","taylor@Go.com","13504042"
"sfas","","","","24697741"
"frewft","uhiuhyui","","","11679543"
"frwe","","","","23558324"
"ewgw","","","","20612012"
"df","","","","1282741"
"flojwfl","","","","21430671"
"jrwelkr","","","","17655691"
"rf","","","","13607589"
"sfa","","","","6882291"
"ssfs","","","","33106120"
"sfa","","","","27796675"
"taylolr","a;sldkj","akl;sjdf","ajkl;dlk;","14776921"
